{"cameraMode":{"drawMode":0,"name":"Shaded","section":"Shading Mode"},"sceneLighting":false,"audioPlay":false,"sceneViewState":{"m_AlwaysRefresh":false,"showFog":true,"showSkybox":false,"showFlares":true,"showImageEffects":true,"showParticleSystems":true,"showVisualEffectGraphs":true,"m_FxEnabled":true},"in2DMode":false,"pivot":{"x":0.09847530722618103,"y":0.8004271388053894,"z":0.18234694004058839},"rotation":{"x":-0.042615294456481937,"y":0.9109308123588562,"z":-0.0973825678229332,"w":-0.3986295759677887},"size":0.8811551332473755,"orthographic":true}