{"cameraMode":{"drawMode":0,"name":"Shaded","section":"Shading Mode"},"sceneLighting":false,"audioPlay":false,"sceneViewState":{"m_AlwaysRefresh":false,"showFog":true,"showSkybox":false,"showFlares":true,"showImageEffects":true,"showParticleSystems":true,"showVisualEffectGraphs":true,"m_FxEnabled":true},"in2DMode":false,"pivot":{"x":0.2983778119087219,"y":0.6949093341827393,"z":0.024353086948394777},"rotation":{"x":-0.11381222307682038,"y":0.869961678981781,"z":-0.23739416897296906,"w":-0.4170420467853546},"size":0.746647834777832,"orthographic":true}