{"cameraMode":{"drawMode":0,"name":"Shaded","section":"Shading Mode"},"sceneLighting":false,"audioPlay":false,"sceneViewState":{"m_AlwaysRefresh":false,"showFog":true,"showSkybox":false,"showFlares":true,"showImageEffects":true,"showParticleSystems":true,"showVisualEffectGraphs":true,"m_FxEnabled":true},"in2DMode":false,"pivot":{"x":-0.021500006318092347,"y":0.5529999136924744,"z":0.11699998378753662},"rotation":{"x":-0.11062861979007721,"y":0.8530627489089966,"z":-0.20144779980182649,"w":-0.4684741795063019},"size":0.8811551332473755,"orthographic":true}