{"cameraMode":{"drawMode":0,"name":"Shaded","section":"Shading Mode"},"sceneLighting":true,"audioPlay":false,"sceneViewState":{"m_AlwaysRefresh":false,"showFog":true,"showSkybox":true,"showFlares":true,"showImageEffects":true,"showParticleSystems":true,"showVisualEffectGraphs":true,"m_FxEnabled":true},"in2DMode":false,"pivot":{"x":-1.8384621143341065,"y":1.3925942182540894,"z":0.3489809036254883},"rotation":{"x":0.08091066777706146,"y":0.8802034854888916,"z":-0.16234707832336427,"w":0.4386132061481476},"size":1.6001251935958863,"orthographic":true}