{"cameraMode":{"drawMode":0,"name":"Shaded","section":"Shading Mode"},"sceneLighting":true,"audioPlay":false,"sceneViewState":{"m_AlwaysRefresh":false,"showFog":true,"showSkybox":true,"showFlares":true,"showImageEffects":true,"showParticleSystems":true,"showVisualEffectGraphs":true,"m_FxEnabled":true},"in2DMode":false,"pivot":{"x":0.7474880218505859,"y":0.9200038909912109,"z":0.11131155490875244},"rotation":{"x":0.04603300243616104,"y":-0.943228542804718,"z":0.14777296781539918,"w":0.2939618229866028},"size":1.5157068967819214,"orthographic":true}